{
  "schema": "1.0",
  "type": "whmcs-extension",
  "name": "ServertasticToken",
  "version": "",
  "license": "proprietary",
  "category": "provisioning",
  "description": {
    "name": "Servertastic Token",
    "tagline": "Generate and provide your clients with SSL certificate tokens to be used in Servertastic panel to order and configure the certificates.\n",
    "long": "Servertastic Token is a separate component to ServertyasticSSL For WHMCS module enabling you to generate and then provide your clientele with SSL certificate tokens to be used in either Servertastic panel or our Servertastic SSL For cPanel module to order and configure the desired certificates. Use the Servertastic SSL For WHMCS module to offer and provision SSL certificates to your clients right within the confines of your system. Gain the capability to view the status of SSL configuration, resend the configuration email, and even modify the approver email. The module will also allow you to terminate SSL certificates as well as renew them, either automatically after their expiration date or manually before it. Finally, easily charge your customers for every single purchased certificate.",
    "features": []
  },
  "logo": {
    "filename": "logo.png"
  },
  "marketplace": {
    "url": "https://marketplace.whmcs.com/product/2738-servertastic-ssl-for-whmcs"
  },
  "support": {
    "docs_url": "https://www.docs.modulesgarden.com/Servertastic_SSL_For_WHMCS",
    "homepage": "https://www.modulesgarden.com/products/whmcs/servertastic-ssl",
    "learn_more": "https://www.modulesgarden.com/products/whmcs/servertastic-ssl#features",
    "support_url": "https://www.modulesgarden.com/support"
  },
  "authors": [
    {
      "name": "ModulesGarden",
      "homepage": "https:\/\/www.modulesgarden.com\/"
    }
  ]
}