{
  "schema": "1.0",
  "type": "whmcs-extension",
  "name": "ServertasticSSL",
  "version": "",
  "license": "proprietary",
  "category": "provisioning",
  "description": {
    "name": "ServerTastic SSL",
    "tagline": "Supply and provision SSL certificates to your customers and allow careful product oversight in your client area.",
    "long": "Servertastic SSL For WHMCS is a module of invaluable service that will empower you to offer and provision SSL certificates to your clients right within the confines of your system. As an administrator, you will gain the capability to view the status of SSL configuration, resend the configuration email, and even modify the approver email. The module will also allow you to terminate SSL certificates as well as renew them, either automatically after their expiration date or manually before it. Use a separate component, Servertastic Tokens, which will enable you to generate and then provide your clientele with SSL certificate tokens to be used in either Servertastic panel or our Servertastic SSL For cPanel module to order and configure the desired certificates.\nPut your hands on Servertastic SSL For WHMCS now and introduce the best SSL suppliers to your clients directly in your WHMCS!.",
    "features": []
  },
  "logo": {
    "filename": "logo.png"
  },
  "marketplace": {
    "url": "https://marketplace.whmcs.com/product/2738-servertastic-ssl-for-whmcs"
  },
  "support": {
    "docs_url": "https://www.docs.modulesgarden.com/Servertastic_SSL_For_WHMCS",
    "homepage": "https://www.modulesgarden.com/products/whmcs/servertastic-ssl",
    "learn_more": "https://www.modulesgarden.com/products/whmcs/servertastic-ssl#features",
    "support_url": "https://www.modulesgarden.com/support"
  },
  "authors": [
    {
      "name": "ModulesGarden",
      "homepage": "https:\/\/www.modulesgarden.com\/"
    }
  ]
}